<?xml version='1.0' encoding='UTF-8'?>
<!--
  ~ Copyright 2016 Red Hat, Inc. and/or its affiliates
  ~ and other contributors as indicated by the @author tags.
  ~
  ~ Licensed under the Apache License, Version 2.0 (the "License");
  ~ you may not use this file except in compliance with the License.
  ~ You may obtain a copy of the License at
  ~
  ~ http://www.apache.org/licenses/LICENSE-2.0
  ~
  ~ Unless required by applicable law or agreed to in writing, software
  ~ distributed under the License is distributed on an "AS IS" BASIS,
  ~ WITHOUT WARRANTIES OR CONDITIONS OF ANY KIND, either express or implied.
  ~ See the License for the specific language governing permissions and
  ~ limitations under the License.
  -->

<features xmlns="http://karaf.apache.org/xmlns/features/v1.0.0" name="keycloak-${project.version}">

    <feature name="keycloak-fuse-quickstarts" version="${project.version}">
        <details>The Keycloak Fuse example</details>
        <feature>war</feature>
        <feature>camel</feature>
        <feature>camel-jetty</feature>
        <feature>cxf</feature>
        <feature>keycloak</feature>
        <feature>keycloak-jetty9-adapter</feature>
        <bundle>mvn:org.keycloak.quickstarts/keycloak-fuse-app-war-jsp/${project.version}/war</bundle>
        <bundle>mvn:org.keycloak.quickstarts/keycloak-fuse-service-camel/${project.version}</bundle>
        <bundle>mvn:org.keycloak.quickstarts/keycloak-service-cxf-jaxrs/${project.version}</bundle>
    </feature>

</features>