<?xml version="1.0" encoding="UTF-8"?>
<!--
  ~ Copyright 2016 Red Hat, Inc. and/or its affiliates
  ~ and other contributors as indicated by the @author tags.
  ~
  ~ Licensed under the Apache License, Version 2.0 (the "License");
  ~ you may not use this file except in compliance with the License.
  ~ You may obtain a copy of the License at
  ~
  ~ http://www.apache.org/licenses/LICENSE-2.0
  ~
  ~ Unless required by applicable law or agreed to in writing, software
  ~ distributed under the License is distributed on an "AS IS" BASIS,
  ~ WITHOUT WARRANTIES OR CONDITIONS OF ANY KIND, either express or implied.
  ~ See the License for the specific language governing permissions and
  ~ limitations under the License.
  -->

<blueprint xmlns="http://www.osgi.org/xmlns/blueprint/v1.0.0"
           xmlns:xsi="http://www.w3.org/2001/XMLSchema-instance"
           xmlns:camel="http://camel.apache.org/schema/blueprint"
           xsi:schemaLocation="
       http://www.osgi.org/xmlns/blueprint/v1.0.0 http://www.osgi.org/xmlns/blueprint/v1.0.0/blueprint.xsd
       http://camel.apache.org/schema/blueprint http://camel.apache.org/schema/blueprint/camel-blueprint-2.17.1.xsd">

    <bean id="keycloakConfigResolver" class="org.keycloak.adapters.osgi.BundleBasedKeycloakConfigResolver">
        <property name="bundleContext" ref="blueprintBundleContext" />
        <property name="configLocation" value="config/keycloak.json" />
    </bean>

    <bean id="keycloakAuthenticator" class="org.keycloak.adapters.jetty.KeycloakJettyAuthenticator">
        <property name="configResolver" ref="keycloakConfigResolver"/>
    </bean>

    <bean id="constraintUser" class="org.eclipse.jetty.util.security.Constraint">
        <property name="name" value="users"/>
        <property name="roles">
            <list>
                <value>user</value>
            </list>
        </property>
        <property name="authenticate" value="true"/>
        <property name="dataConstraint" value="0"/>
    </bean>

    <bean id="constraintAdmin" class="org.eclipse.jetty.util.security.Constraint">
        <property name="name" value="admin"/>
        <property name="roles">
            <list>
                <value>admin</value>
            </list>
        </property>
        <property name="authenticate" value="true"/>
        <property name="dataConstraint" value="0"/>
    </bean>

    <bean id="constraintMappingUser" class="org.eclipse.jetty.security.ConstraintMapping">
        <property name="constraint" ref="constraintUser"/>
        <property name="pathSpec" value="/service/secured/*"/>
    </bean>

    <bean id="constraintMappingAdmin" class="org.eclipse.jetty.security.ConstraintMapping">
        <property name="constraint" ref="constraintAdmin"/>
        <property name="pathSpec" value="/service/admin/*"/>
    </bean>

    <bean id="securityHandler" class="org.eclipse.jetty.security.ConstraintSecurityHandler">
        <property name="authenticator" ref="keycloakAuthenticator" />
        <property name="constraintMappings">
            <list>
                <ref component-id="constraintMappingUser" />
                <ref component-id="constraintMappingAdmin" />
            </list>
        </property>
        <property name="authMethod" value="BASIC"/>
        <property name="realmName" value="does-not-matter"/>
    </bean>

    <bean id="sessionHandler" class="org.keycloak.adapters.jetty.spi.WrappingSessionHandler">
        <property name="handler" ref="securityHandler" />
    </bean>

    <bean id="helloProcessor" class="org.keycloak.quickstart.fuse.camel.CamelHelloProcessor" />

    <camelContext id="blueprintContext"
                  trace="false"
                  xmlns="http://camel.apache.org/schema/blueprint">

        <restConfiguration component="jetty" contextPath="/service"
                           port="8383" >
            <endpointProperty key="handlers" value="sessionHandler" />
            <endpointProperty key="matchOnUriPrefix" value="true" />
        </restConfiguration>

        <rest>
            <description>Hello service</description>
            <get uri="/{id}" outType="java.lang.String">
                <description>Just an hello</description>
                <to uri="direct:justDirect" />
            </get>
        </rest>

        <route id="justDirect">
            <from uri="direct:justDirect"/>
            <process ref="helloProcessor" />
            <log message="RestDSL correctly invoked and output: ${body}"/>
        </route>

    </camelContext>

</blueprint>